Workbook

Sheet Summary
A1: Loan Default Early-Warning Score: Results Summary
A2: PostgreSQL project on 20,000 simulated Indian retail loan records. Figures link to the other sheets.
A4: Risk bucket | B4: Loans | C4: Default rate
A5: =Buckets!A4 -> Low | B5: =Buckets!B4 -> 6770 | C5: =Buckets!D4 -> 0.079615953
A6: =Buckets!A5 -> Medium | B6: =Buckets!B5 -> 9873 | C6: =Buckets!D5 -> 0.19224147
A7: =Buckets!A6 -> High | B7: =Buckets!B6 -> 3241 | C7: =Buckets!D6 -> 0.31348349
A9: Key metric | C9: Value
A10: Cleaned loans analysed | C10: =Buckets!B7 -> 19884
A11: Overall default rate | C11: =Buckets!D7 -> 0.17365721
A12: High-risk vs Low-risk default rate (multiple) | C12: =Buckets!D9 -> 3.9374457
A13: High-risk borrowers who did NOT default | C13: =Failure_Check!C4 -> 0.68651651
A14: Defaults caught by Medium + High | C14: =Failure_Check!C10 -> 0.84390385
A15: Loans flagged Medium + High | C15: =Failure_Check!C11 -> 0.65952525
A16: High-risk exposure (INR crore) | C16: =Exposure!C10 -> 383.92
A17: Home Loan share of High-risk exposure | C17: =Exposure!D4 -> 0.64643676
A19: Top 3 findings
A20: =Findings!A30 -> 1. Missed payments: default rate climbs from 14.2% (none) to 33.7% (four), about 2.4x.
A21: =Findings!A31 -> 2. CIBIL: below 650 defaults at 28.5% vs 14.3% for 750+, about 2.0x.
A22: =Findings!A32 -> 3. FOIR: above 50% defaults at 22.0% vs 11.9% for up to 40%, about 1.8x.
A24: Resume line
A25: ="Built a rule-based loan default early-warning score in PostgreSQL on ~"&TEXT(ROUND(Buckets!B7/1000,1),"0.0")&"K simulated Indian retail loan records (CIBIL, FOIR, 90+ DPD); cleaned messy data, designed a points-based risk rules table, and validated that the default rate rose from "&TEXT(Buckets!D4,"0.0%")&" (Low risk) to "&TEXT(Buckets!D6,"0.0%")&" (High risk)." -> Built a rule-based loan default early-warning score in PostgreSQL on ~19.9K simulated Indian retail loan records (CIBIL, FOIR, 90+ DPD); cleaned messy data, designed a points-based risk rules table, and validated that the default rate rose from 8.0% (Low risk) to 31.3% (High risk).
A27: Data is simulated, not real ICICI data. See the Notes sheet for limitations.

Sheet Buckets
A1: Risk bucket validation (Part 6 headline result)
A2: Blue = values copied from your pgAdmin query results. Black = formulas. Green = links to other sheets. Data is simulated, not ICICI data.
A3: Risk bucket | B3: Loans | C3: Defaults | D3: Default rate | E3: Share of loans | F3: Share of all defaults
A4: Low | B4: 6770 | C4: 539 | D4: =C4/B4 -> 0.079615953 | E4: =B4/B$7 -> 0.34047475 | F4: =C4/C$7 -> 0.15609615
A5: Medium | B5: 9873 | C5: 1898 | D5: =C5/B5 -> 0.19224147 | E5: =B5/B$7 -> 0.49652987 | F5: =C5/C$7 -> 0.54966696
A6: High | B6: 3241 | C6: 1016 | D6: =C6/B6 -> 0.31348349 | E6: =B6/B$7 -> 0.16299537 | F6: =C6/C$7 -> 0.2942369
A7: Total | B7: =SUM(B4:B6) -> 19884 | C7: =SUM(C4:C6) -> 3453 | D7: =C7/B7 -> 0.17365721 | E7: =SUM(E4:E6) -> 1 | F7: =SUM(F4:F6) -> 1
A9: High-risk default rate vs Low-risk (multiple) | D9: =D6/D4 -> 3.9374457
A10: Rule: Low = 0-2 points, Medium = 3-5, High = 6+ (from risk_rules table).

Sheet Points
A1: Default rate at each risk-points level
A2: Blue = values copied from your pgAdmin query results. Black = formulas. Green = links to other sheets. Data is simulated, not ICICI data.
A3: Risk points | B3: Loans | C3: Default rate
A4: 0 | B4: 967 | C4: 0.034
A5: 1 | B5: 3178 | C5: 0.066
A6: 2 | B6: 2625 | C6: 0.112
A7: 3 | B7: 3613 | C7: 0.148
A8: 4 | B8: 4039 | C8: 0.205
A9: 5 | B9: 2221 | C9: 0.243
A10: 6 | B10: 1503 | C10: 0.274
A11: 7 | B11: 1100 | C11: 0.323
A12: 8 | B12: 415 | C12: 0.366
A13: 9 | B13: 137 | C13: 0.416
A14: 10 | B14: 66 | C14: 0.455
A15: 11 | B15: 20 | C15: 0.5
A16: Total | B16: =SUM(B4:B15) -> 19884
A18: Check vs Buckets total: | B18: =IF(B16=Buckets!B7,"OK - matches","MISMATCH") -> OK - matches
A19: Note: only 20 loans sit at 11 points, so that end of the curve is not reliable.

Sheet Failure_Check
A1: Where the score fails, and the trade-off
A2: Blue = values copied from your pgAdmin query results. Black = formulas. Green = links to other sheets. Data is simulated, not ICICI data.
A3: Case | B3: Loans | C3: Percent | D3: Percent of
A4: High risk but did NOT default | B4: =Buckets!B6-Buckets!C6 -> 2225 | C4: =B4/Buckets!B6 -> 0.68651651 | D4: the High bucket (false alarms)
A5: Low risk but DID default | B5: =Buckets!C4 -> 539 | C5: =B5/Buckets!C7 -> 0.15609615 | D5: all defaults (missed by the score)
A7: Trade-off of flagging Medium + High
A8: Measure | C8: Value
A9: Defaults caught by High only | C9: =Buckets!F6 -> 0.2942369
A10: Defaults caught by Medium + High | C10: =(Buckets!C5+Buckets!C6)/Buckets!C7 -> 0.84390385
A11: Share of all loans flagged Medium + High | C11: =(Buckets!B5+Buckets!B6)/Buckets!B7 -> 0.65952525
A13: Reading: catching more defaults means flagging many more good borrowers. Be ready to explain this trade-off.

Sheet Exposure
A1: Exposure in High-risk loans (INR crore; 1 crore = 10,000,000)
A2: Blue = values copied from your pgAdmin query results. Black = formulas. Green = links to other sheets. Data is simulated, not ICICI data.
A3: Loan type | B3: High-risk loans | C3: Exposure (INR crore) | D3: Share of exposure | E3: Avg exposure per loan (INR lakh)
A4: Home Loan | B4: 840 | C4: 248.18 | D4: =C4/C$10 -> 0.64643676 | E4: =C4*100/B4 -> 29.545238
A5: Personal Loan | B5: 1193 | C5: 52.66 | D5: =C5/C$10 -> 0.13716399 | E5: =C5*100/B5 -> 4.4140821
A6: Auto Loan | B6: 458 | C6: 38.93 | D6: =C6/C$10 -> 0.10140133 | E6: =C6*100/B6 -> 8.5
A7: Education Loan | B7: 269 | C7: 35.27 | D7: =C7/C$10 -> 0.091868098 | E7: =C7*100/B7 -> 13.111524
A8: Gold Loan | B8: 256 | C8: 5.69 | D8: =C8/C$10 -> 0.014820796 | E8: =C8*100/B8 -> 2.2226562
A9: Two-Wheeler Loan | B9: 225 | C9: 3.19 | D9: =C9/C$10 -> 0.0083090227 | E9: =C9*100/B9 -> 1.4177778
A10: Total | B10: =SUM(B4:B9) -> 3241 | C10: =SUM(C4:C9) -> 383.92 | D10: =SUM(D4:D9) -> 1 | E10: =C10*100/B10 -> 11.845727
A12: Takeaway: a collections team should prioritise by exposure, not loan count. Personal loans have more flagged loans but far less money than home loans.

Sheet Findings
A1: Top findings from exploration (Part 4)
A2: Blue = values copied from your pgAdmin query results. Black = formulas. Green = links to other sheets. Data is simulated, not ICICI data.
A3: CIBIL band
A4: CIBIL band | B4: Loans | C4: Default rate
A5: Below 650 | B5: 2613 | C5: 0.285
A6: 650-699 | B6: 2053 | C6: 0.208
A7: No history | B7: 968 | C7: 0.194
A8: 700-749 | B8: 2684 | C8: 0.164
A9: 750+ | B9: 11566 | C9: 0.143
A10: Below 650 vs 750+ (multiple) | C10: =C5/C9 -> 1.993007
A12: FOIR band
A13: FOIR band | B13: Loans | C13: Default rate
A14: Above 50% | B14: 8746 | C14: 0.22
A15: 40-50% | B15: 3346 | C15: 0.18
A16: Up to 40% | B16: 7792 | C16: 0.119
A17: Above 50% vs up to 40% (multiple) | C17: =C14/C16 -> 1.8487395
A18: Share of loans with FOIR above 50% | C18: =B14/SUM(B14:B16) -> 0.43985114
A20: Missed payments in last 12 months
A21: Missed payments | B21: Loans | C21: Default rate
A22: 0 | B22: 13861 | C22: 0.142
A23: 1 | B23: 2985 | C23: 0.205
A24: 2 | B24: 1641 | C24: 0.254
A25: 3 | B25: 800 | C25: 0.318
A26: 4 | B26: 597 | C26: 0.337
A27: 4 missed vs none (multiple) | C27: =C26/C22 -> 2.3732394
A29: Top 3 findings (strongest first):
A30: ="1. Missed payments: default rate climbs from "&TEXT(C22,"0.0%")&" (none) to "&TEXT(C26,"0.0%")&" (four), about "&TEXT(C27,"0.0")&"x." -> 1. Missed payments: default rate climbs from 14.2% (none) to 33.7% (four), about 2.4x.
A31: ="2. CIBIL: below 650 defaults at "&TEXT(C5,"0.0%")&" vs "&TEXT(C9,"0.0%")&" for 750+, about "&TEXT(C10,"0.0")&"x." -> 2. CIBIL: below 650 defaults at 28.5% vs 14.3% for 750+, about 2.0x.
A32: ="3. FOIR: above 50% defaults at "&TEXT(C14,"0.0%")&" vs "&TEXT(C16,"0.0%")&" for up to 40%, about "&TEXT(C17,"0.0")&"x." -> 3. FOIR: above 50% defaults at 22.0% vs 11.9% for up to 40%, about 1.8x.

Sheet Notes
A1: Honest limitations and next steps (for the interview)
A3: Topic | B3: Note
A4: Data | B4: Simulated dataset modelled on Indian retail lending (CIBIL, FOIR, 90+ DPD). Not ICICI data. Say so upfront.
A5: Realism | B5: Overall default rate (~17%) and FOIR above 50% for ~44% of loans are far higher than real portfolios. Exaggerated so patterns are visible.
A6: Circularity | B6: Outcomes were generated with built-in logic, so the score working is partly expected. The value is the method: cleaning, rule design, validation.
A7: False alarms | B7: About 69% of High-risk borrowers did not default. The score ranks risk but is not sharp.
A8: No history | B8: Default rate for 'No history' (19.4%) is close to CIBIL 650-699 (20.8%). Rule R2 (2 points) may be slightly high; try 1 point and retest.
A9: Tuning idea 1 | B9: Raise the FOIR high threshold from 50% to 60% (rule R4) and re-run Part 6.
A10: Tuning idea 2 | B10: Lower the High cut-off from 6 to 5 points and compare defaults caught vs loans flagged.
A11: Next steps | B11: Try logistic regression in Python, test on a separate time period, and use real data if available.
